date,cost,is_anomaly
2023-01-01,50.91415123926329,False
2023-01-02,53.184699541022745,False
2023-01-03,60.15077688487396,False
2023-01-04,56.44276406211411,False
2023-01-05,40.87582452109803,False
2023-01-06,38.544038181958456,False
2023-01-07,44.42886934975761,False
2023-01-08,49.401272222969254,False
2023-01-09,56.604248387231365,False
2023-01-10,55.69029151473385,False
2023-01-11,56.60926383752895,False
2023-01-12,49.41230589334639,False
2023-01-13,42.99866879522906,False
2023-01-14,47.77707176115986,False
2023-01-15,52.10252802675613,False
2023-01-16,54.42677447109451,False
2023-01-17,59.70567564970208,False
2023-01-18,51.44442211045346,False
2023-01-19,50.06428099098136,False
2023-01-20,43.000798969586654,False
2023-01-21,44.19076104961997,False
2023-01-22,49.00721136678817,False
2023-01-23,61.022275875766304,False
2023-01-24,58.48583485124818,False
2023-01-25,53.38608644645115,False
2023-01-26,46.72252943559485,False
2023-01-27,45.09750425920545,False
2023-01-28,46.191680333347996,False
2023-01-29,52.63819783478796,False
2023-01-30,58.99711486876789,False
2023-01-31,65.72436610006598,False
2023-02-01,53.80182486378662,False
2023-02-02,46.59220189984493,False
2023-02-03,41.409258517801774,False
2023-02-04,47.29328640798226,False
2023-02-05,55.136916878162666,False
2023-02-06,57.7128094867796,False
2023-02-07,57.128953866567,False
2023-02-08,52.89762626586675,False
2023-02-09,50.43070845053365,False
2023-02-10,46.43033921615574,False
2023-02-11,47.42481094517134,False
2023-02-12,50.103470878133905,False
2023-02-13,59.101135828944386,False
2023-02-14,60.34948072487679,False
2023-02-15,56.377135703127514,False
2023-02-16,51.443216420904115,False
2023-02-17,45.22136334886946,False
2023-02-18,48.18208882947143,False
2023-02-19,52.65273720846666,False
2023-02-20,149.05502513953545,True
2023-02-21,62.243287974970215,False
2023-02-22,51.69960245337343,False
2023-02-23,48.21991643798764,False
2023-02-24,43.48945873966703,False
2023-02-25,44.578714595525724,False
2023-02-26,51.974573246319935,False
2023-02-27,63.58947579344742,False
2023-02-28,58.10192995037487,False
2023-03-01,59.325904976714924,False
2023-03-02,44.48032077221218,False
2023-03-03,44.245921612588084,False
2023-03-04,47.33360733557077,False
2023-03-05,54.90866699407782,False
2023-03-06,61.588331599122796,False
2023-03-07,63.42946500305437,False
2023-03-08,55.724894696195165,False
2023-03-09,48.49187470906585,False
2023-03-10,48.174504346316866,False
2023-03-11,46.62143516561091,False
2023-03-12,49.67294102998621,False
2023-03-13,56.40479021773378,False
2023-03-14,58.641066439449766,False
2023-03-15,58.61255214510182,False
2023-03-16,50.65620729527126,False
2023-03-17,48.02203276474873,False
2023-03-18,46.263590201246146,False
2023-03-19,54.32561907323018,False
2023-03-20,62.03142304164623,False
2023-03-21,60.82138367829387,False
2023-03-22,58.84139562561272,False
2023-03-23,48.59315226385965,False
2023-03-24,45.2114151628502,False
2023-03-25,46.750134458260796,False
2023-03-26,50.61248106323286,False
2023-03-27,61.965569302101,False
2023-03-28,60.69121627684642,False
2023-03-29,57.8585522691236,False
2023-03-30,52.371170063777384,False
2023-03-31,47.99017023063524,False
2023-04-01,50.2415034671741,False
2023-04-02,54.25454354647164,False
2023-04-03,59.584756923611764,False
2023-04-04,62.21026866473541,False
2023-04-05,53.109066611066396,False
2023-04-06,46.93759266979025,False
2023-04-07,43.03247786548221,False
2023-04-08,45.60360765745126,False
2023-04-09,56.09932268017028,False
2023-04-10,58.48821469366408,False
2023-04-11,61.66493563533643,False
2023-04-12,62.41875480629863,False
2023-04-13,50.56013817387529,False
2023-04-14,49.56312340794669,False
2023-04-15,46.14449510022619,False
2023-04-16,54.63368732639714,False
2023-04-17,58.704585695012476,False
2023-04-18,62.132324069752926,False
2023-04-19,61.39199432531268,False
2023-04-20,46.79696881748257,False
2023-04-21,49.00384763318299,False
2023-04-22,50.00855494725261,False
2023-04-23,53.81755013290959,False
2023-04-24,57.56647829657882,False
2023-04-25,63.71581182059621,False
2023-04-26,57.632591785749035,False
2023-04-27,53.02695872112367,False
2023-04-28,48.11613313911573,False
2023-04-29,54.45068481421849,False
2023-04-30,55.23193311758084,False
2023-05-01,106.53148688738139,True
2023-05-02,64.38725020232353,False
2023-05-03,60.23105996485579,False
2023-05-04,56.75649281278092,False
2023-05-05,50.905910440289155,False
2023-05-06,51.06596131770423,False
2023-05-07,60.68990867365865,False
2023-05-08,59.0383626967757,False
2023-05-09,62.280168699205355,False
2023-05-10,57.14134208872398,False
2023-05-11,51.859500677592266,False
2023-05-12,44.62051825987648,False
2023-05-13,52.25080098069895,False
2023-05-14,55.9833319087037,False
2023-05-15,58.54223297623624,False
2023-05-16,61.50268605383199,False
2023-05-17,61.21161145529098,False
2023-05-18,55.89330979074266,False
2023-05-19,55.090769377620774,False
2023-05-20,59.436935538277694,False
2023-05-21,58.24322829982795,False
2023-05-22,60.33603749964858,False
2023-05-23,58.503284455260676,False
2023-05-24,61.424204299971954,False
2023-05-25,51.290106801128594,False
2023-05-26,48.20450492200638,False
2023-05-27,49.20905774307624,False
2023-05-28,56.92762734075086,False
2023-05-29,66.85259255210714,False
2023-05-30,65.72056899979064,False
2023-05-31,60.49516540182454,False
2023-06-01,50.971968828582085,False
2023-06-02,44.77652786843235,False
2023-06-03,49.93642441303571,False
2023-06-04,57.53865234754511,False
2023-06-05,69.30844160048389,False
2023-06-06,65.99024686187325,False
2023-06-07,64.26928844600972,False
2023-06-08,52.931043291442016,False
2023-06-09,46.59574540329433,False
2023-06-10,48.84999785355862,False
2023-06-11,55.874321806392636,False
2023-06-12,70.74006105704963,False
2023-06-13,63.48526325978147,False
2023-06-14,64.18653752414954,False
2023-06-15,52.07014855279855,False
2023-06-16,53.295295741168125,False
2023-06-17,53.25020103857336,False
2023-06-18,57.930086307025675,False
2023-06-19,64.58236428133787,False
2023-06-20,64.33506021116641,False
2023-06-21,63.35928651738669,False
2023-06-22,53.76397964603724,False
2023-06-23,47.17375941124369,False
2023-06-24,48.6115354172968,False
2023-06-25,59.267763753166136,False
2023-06-26,69.79192562897538,False
2023-06-27,67.12939813817488,False
2023-06-28,62.015154934610756,False
2023-06-29,56.33640850586716,False
2023-06-30,55.11858192766589,False
2023-07-01,53.45349564434726,False
2023-07-02,57.867218307498625,False
2023-07-03,68.7235179899239,False
2023-07-04,68.28569261283944,False
2023-07-05,67.32833788892854,False
2023-07-06,56.3786333987254,False
2023-07-07,47.87716960738391,False
2023-07-08,49.04087054251873,False
2023-07-09,64.40278379669387,False
2023-07-10,70.92564902209416,False
2023-07-11,66.8108656576068,False
2023-07-12,61.921507949532554,False
2023-07-13,60.563262963786244,False
2023-07-14,48.57943965641498,False
2023-07-15,50.81116708338814,False
2023-07-16,61.729980384067076,False
2023-07-17,64.9208364911654,False
2023-07-18,67.68405769729436,False
2023-07-19,62.93074121736693,False
2023-07-20,126.59163821360406,True
2023-07-21,56.47302228648658,False
2023-07-22,54.11710286096104,False
2023-07-23,62.08181637983057,False
2023-07-24,60.30413555665113,False
2023-07-25,67.90326809166426,False
2023-07-26,61.241379102062005,False
2023-07-27,53.22249090578886,False
2023-07-28,49.966119601759125,False
2023-07-29,53.192977818153395,False
2023-07-30,63.247707627068095,False
2023-07-31,62.82547370652555,False
2023-08-01,68.49131777523786,False
2023-08-02,62.66856161293983,False
2023-08-03,56.245910803973814,False
2023-08-04,55.95885017845922,False
2023-08-05,56.1596944512675,False
2023-08-06,64.86219432232811,False
2023-08-07,66.69113482199442,False
2023-08-08,66.66159546244249,False
2023-08-09,63.799493462299026,False
2023-08-10,58.3064204608731,False
2023-08-11,53.83029677790653,False
2023-08-12,51.642183923555656,False
2023-08-13,61.47146934488356,False
2023-08-14,68.18933685016087,False
2023-08-15,76.65184541005638,False
2023-08-16,70.45160374678568,False
2023-08-17,55.36920003538313,False
2023-08-18,52.78842661789791,False
2023-08-19,50.855022134744786,False
2023-08-20,59.77787895810953,False
2023-08-21,68.80146687051521,False
2023-08-22,73.06698416011932,False
2023-08-23,62.9838183997096,False
2023-08-24,56.316490766856155,False
2023-08-25,47.558709613329455,False
2023-08-26,55.107350378620964,False
2023-08-27,58.71275676442113,False
2023-08-28,66.61633357764586,False
2023-08-29,67.16884096295189,False
2023-08-30,65.23828225018269,False
2023-08-31,53.3557449129896,False
2023-09-01,49.949440966372435,False
2023-09-02,62.33308947634062,False
2023-09-03,58.38773225617778,False
2023-09-04,65.26429512438021,False
2023-09-05,75.66016388241853,False
2023-09-06,74.58627142066175,False
2023-09-07,55.46423020058363,False
2023-09-08,53.595829832181366,False
2023-09-09,57.320014793077284,False
2023-09-10,67.78609293321671,False
2023-09-11,65.94408062445959,False
2023-09-12,69.76358975962826,False
2023-09-13,68.55308264112571,False
2023-09-14,60.63322831045945,False
2023-09-15,53.922108488855145,False
2023-09-16,56.24387924670752,False
2023-09-17,58.825312574889814,False
2023-09-18,116.51822206729435,True
2023-09-19,70.05026082742775,False
2023-09-20,67.26757958181919,False
2023-09-21,58.0129484306025,False
2023-09-22,56.815192270180845,False
2023-09-23,60.033495593715166,False
2023-09-24,63.76628798300544,False
2023-09-25,70.65992108494183,False
2023-09-26,71.3588893401882,False
2023-09-27,66.92132309221482,False
2023-09-28,57.86425598643116,False
2023-09-29,56.70005948756539,False
2023-09-30,57.05348834501539,False
2023-10-01,69.92950492679188,False
2023-10-02,74.67471656716998,False
2023-10-03,72.7069629551241,False
2023-10-04,64.98189828385622,False
2023-10-05,57.0416956711094,False
2023-10-06,59.67400556181205,False
2023-10-07,58.48359581569717,False
2023-10-08,65.44043021017475,False
2023-10-09,65.07089389882158,False
2023-10-10,74.68173874212917,False
2023-10-11,68.98433092758357,False
2023-10-12,57.39763803381618,False
2023-10-13,55.03600228019555,False
2023-10-14,58.83649975332534,False
2023-10-15,64.50740039506847,False
2023-10-16,69.77813830233353,False
2023-10-17,71.93895849325669,False
2023-10-18,67.21513777831998,False
2023-10-19,61.53661762336696,False
2023-10-20,61.21505262152495,False
2023-10-21,50.69537281746179,False
2023-10-22,63.98944920647098,False
2023-10-23,71.53418912386171,False
2023-10-24,73.4874052665159,False
2023-10-25,67.2053261689765,False
2023-10-26,56.15876473962397,False
2023-10-27,58.13456315368775,False
2023-10-28,63.92739878274812,False
2023-10-29,60.44841578525144,False
2023-10-30,73.94613590083881,False
2023-10-31,71.96384762808597,False
2023-11-01,68.487096875454,False
2023-11-02,58.62023455494761,False
2023-11-03,56.497208185477824,False
2023-11-04,62.99548192435261,False
2023-11-05,67.14796572596327,False
2023-11-06,76.90158667597397,False
2023-11-07,76.83165896438766,False
2023-11-08,70.33832994972941,False
2023-11-09,67.36073366556299,False
2023-11-10,59.16755617876039,False
2023-11-11,61.929312670646816,False
2023-11-12,64.86028713939585,False
2023-11-13,72.25428930732194,False
2023-11-14,71.55715182755378,False
2023-11-15,72.339821716725,False
2023-11-16,58.94401921771517,False
2023-11-17,60.547627729798414,False
2023-11-18,59.22339496774033,False
2023-11-19,69.61374128040175,False
2023-11-20,74.657258825938,False
2023-11-21,79.46136177039507,False
2023-11-22,71.91339398635652,False
2023-11-23,58.1128093201002,False
2023-11-24,58.349717183850764,False
2023-11-25,56.62932656247126,False
2023-11-26,64.89516047290127,False
2023-11-27,216.407344046808,True
2023-11-28,76.26202473014769,False
2023-11-29,67.9742786272041,False
2023-11-30,60.13777798773848,False
2023-12-01,58.99892298117419,False
2023-12-02,56.84566769211221,False
2023-12-03,64.78657916781016,False
2023-12-04,74.04068027439773,False
2023-12-05,78.16535940577474,False
2023-12-06,72.24735432961423,False
2023-12-07,56.655061561265114,False
2023-12-08,60.16367688963622,False
2023-12-09,61.0614488599535,False
2023-12-10,68.39167085611827,False
2023-12-11,78.3032809046978,False
2023-12-12,68.85970846704033,False
2023-12-13,68.99775963736732,False
2023-12-14,65.65164905543963,False
2023-12-15,54.855793504183666,False
2023-12-16,65.6231952844162,False
2023-12-17,68.60506983810153,False
2023-12-18,76.34440381727428,False
2023-12-19,73.68659231288932,False
2023-12-20,73.56236098283904,False
2023-12-21,67.43434475502644,False
2023-12-22,60.649210762956926,False
2023-12-23,62.24855081835193,False
2023-12-24,68.66102971784501,False
2023-12-25,71.56461606552611,False
2023-12-26,75.3068372567336,False
2023-12-27,71.01350231558348,False
2023-12-28,65.72911168012035,False
2023-12-29,63.300049443276336,False
2023-12-30,58.71973989432051,False
2023-12-31,67.82497290904094,False
